sequence_id,description,sequence,length,gc_content
seq_001_affected,seq_001_affected,ATGCGATCGATCGATCGTAGCTAGCTAGCTAGCTAGCTAGCTAGCTAGCTAGCTAGCGCTAGCTAGCTAGCTAGCTAGCTAGCTAGCTAGCTAGCTAGCTAGCTAGCTAGCTAG,-1.6361174233047018,0.3600267601940562
seq_002_normal,seq_002_normal,ATGCGATCGATCGATCGTGGCTAGCTAGCTAGCTAGCTAGCTAGCTAGCTAGCTAGCGCTAGCTAGCTAGCTAGCTAGCTAGCTAGCTAGCTAGCTAGCTAGCTAGCTAGCTAG,-1.6361174233047018,1.37060570079354
seq_003_affected,seq_003_affected,ATGCGATCGATCGATCGTAACTAGCTAGCTAGCTAGCTAGCTAGCTAGCTAGCTAGCGCTAGCTAGCTAGCTAGCTAGCTAGCTAGCTAGCTAGCTAGCTAGCTAGCTAGCTAG,-1.6361174233047018,-0.6505521804054275
seq_004_normal,seq_004_normal,ATGCGATCGATCGATCGTGCCTAGCTAGCTAGCTAGCTAGCTAGCTAGCTAGCTAGCGCTAGCTAGCTAGCTAGCTAGCTAGCTAGCTAGCTAGCTAGCTAGCTAGCTAGCTAG,-1.6361174233047018,1.37060570079354
seq_005_affected,seq_005_affected,ATGCGATCGATCGATCGTAGGCTAGCTAGCTAGCTAGCTAGCTAGCTAGCTAGCTAGCGCTAGCTAGCTAGCTAGCTAGCTAGCTAGCTAGCTAGCTAGCTAGCTAGCTAGCTAG,-0.5805577953661826,0.8521347660511945
seq_006_normal,seq_006_normal,ATGCGATCGATCGATCGTGGACTAGCTAGCTAGCTAGCTAGCTAGCTAGCTAGCTAGCGCTAGCTAGCTAGCTAGCTAGCTAGCTAGCTAGCTAGCTAGCTAGCTAGCTAGCTAG,-0.5805577953661826,0.8521347660511945
seq_007_affected,seq_007_affected,ATGCGATCGATCGATCGTAACGCTAGCTAGCTAGCTAGCTAGCTAGCTAGCTAGCTAGCGCTAGCTAGCTAGCTAGCTAGCTAGCTAGCTAGCTAGCTAGCTAGCTAGCTAGCTAG,0.47500183257233664,0.3426029853561266
seq_008_normal,seq_008_normal,ATGCGATCGATCGATCGTGGCCTAGCTAGCTAGCTAGCTAGCTAGCTAGCTAGCTAGCGCTAGCTAGCTAGCTAGCTAGCTAGCTAGCTAGCTAGCTAGCTAGCTAGCTAGCTAG,-0.5805577953661826,1.8539260636889316
seq_009_affected,seq_009_affected,ATGCGATCGATCGATCGTAAACTAGCTAGCTAGCTAGCTAGCTAGCTAGCTAGCTAGCGCTAGCTAGCTAGCTAGCTAGCTAGCTAGCTAGCTAGCTAGCTAGCTAGCTAGCTAG,-0.5805577953661826,-1.151447829224296
seq_010_normal,seq_010_normal,ATGCGATCGATCGATCGTGGGCTAGCTAGCTAGCTAGCTAGCTAGCTAGCTAGCTAGCGCTAGCTAGCTAGCTAGCTAGCTAGCTAGCTAGCTAGCTAGCTAGCTAGCTAGCTAG,-0.5805577953661826,1.8539260636889316
seq_011_affected,seq_011_affected,ATGCGATCGATCGATCGTATACTAGCTAGCTAGCTAGCTAGCTAGCTAGCTAGCTAGCGCTAGCTAGCTAGCTAGCTAGCTAGCTAGCTAGCTAGCTAGCTAGCTAGCTAGCTAG,-0.5805577953661826,-1.151447829224296
seq_012_normal,seq_012_normal,ATGCGATCGATCGATCGTGAACTAGCTAGCTAGCTAGCTAGCTAGCTAGCTAGCTAGCGCTAGCTAGCTAGCTAGCTAGCTAGCTAGCTAGCTAGCTAGCTAGCTAGCTAGCTAG,-0.5805577953661826,-0.14965653158655895
seq_013_affected,seq_013_affected,ATGCGATCGATCGATCGTAGACTAGCTAGCTAGCTAGCTAGCTAGCTAGCTAGCTAGCGCTAGCTAGCTAGCTAGCTAGCTAGCTAGCTAGCTAGCTAGCTAGCTAGCTAGCTAG,-0.5805577953661826,-0.14965653158655895
seq_014_normal,seq_014_normal,ATGCGATCGATCGATCGTGTACTAGCTAGCTAGCTAGCTAGCTAGCTAGCTAGCTAGCGCTAGCTAGCTAGCTAGCTAGCTAGCTAGCTAGCTAGCTAGCTAGCTAGCTAGCTAG,-0.5805577953661826,-0.14965653158655895
seq_015_affected,seq_015_affected,ATGCGATCGATCGATCGTACACTAGCTAGCTAGCTAGCTAGCTAGCTAGCTAGCTAGCGCTAGCTAGCTAGCTAGCTAGCTAGCTAGCTAGCTAGCTAGCTAGCTAGCTAGCTAG,-0.5805577953661826,-0.14965653158655895
seq_016_normal,seq_016_normal,ATGCGATCGATCGATCGTGCACTAGCTAGCTAGCTAGCTAGCTAGCTAGCTAGCTAGCGCTAGCTAGCTAGCTAGCTAGCTAGCTAGCTAGCTAGCTAGCTAGCTAGCTAGCTAG,-0.5805577953661826,0.8521347660511945
seq_017_affected,seq_017_affected,ATGCGATCGATCGATCGTATGCTAGCTAGCTAGCTAGCTAGCTAGCTAGCTAGCTAGCGCTAGCTAGCTAGCTAGCTAGCTAGCTAGCTAGCTAGCTAGCTAGCTAGCTAGCTAG,-0.5805577953661826,-0.14965653158655895
seq_018_normal,seq_018_normal,ATGCGATCGATCGATCGTGTGCTAGCTAGCTAGCTAGCTAGCTAGCTAGCTAGCTAGCGCTAGCTAGCTAGCTAGCTAGCTAGCTAGCTAGCTAGCTAGCTAGCTAGCTAGCTAG,-0.5805577953661826,0.8521347660511945
seq_019_affected,seq_019_affected,ATGCGATCGATCGATCGTAAGCTAGCTAGCTAGCTAGCTAGCTAGCTAGCTAGCTAGCGCTAGCTAGCTAGCTAGCTAGCTAGCTAGCTAGCTAGCTAGCTAGCTAGCTAGCTAG,-0.5805577953661826,-0.14965653158655895
seq_020_normal,seq_020_normal,ATGCGATCGATCGATCGTGAGCTAGCTAGCTAGCTAGCTAGCTAGCTAGCTAGCTAGCGCTAGCTAGCTAGCTAGCTAGCTAGCTAGCTAGCTAGCTAGCTAGCTAGCTAGCTAG,-0.5805577953661826,0.8521347660511945
seq_021_affected,seq_021_affected,ATGCGATCGATCGATCGTATCCTAGCTAGCTAGCTAGCTAGCTAGCTAGCTAGCTAGCGCTAGCTAGCTAGCTAGCTAGCTAGCTAGCTAGCTAGCTAGCTAGCTAGCTAGCTAG,-0.5805577953661826,-0.14965653158655895
seq_022_normal,seq_022_normal,ATGCGATCGATCGATCGTGCCCTAGCTAGCTAGCTAGCTAGCTAGCTAGCTAGCTAGCGCTAGCTAGCTAGCTAGCTAGCTAGCTAGCTAGCTAGCTAGCTAGCTAGCTAGCTAG,-0.5805577953661826,1.8539260636889316
seq_023_affected,seq_023_affected,ATGCGATCGATCGATCGTAATCTAGCTAGCTAGCTAGCTAGCTAGCTAGCTAGCTAGCGCTAGCTAGCTAGCTAGCTAGCTAGCTAGCTAGCTAGCTAGCTAGCTAGCTAGCTAG,-0.5805577953661826,-1.151447829224296
seq_024_normal,seq_024_normal,ATGCGATCGATCGATCGTGATCTAGCTAGCTAGCTAGCTAGCTAGCTAGCTAGCTAGCGCTAGCTAGCTAGCTAGCTAGCTAGCTAGCTAGCTAGCTAGCTAGCTAGCTAGCTAG,-0.5805577953661826,-0.14965653158655895
seq_025_affected,seq_025_affected,ATGCGATCGATCGATCGTATTTCTAGCTAGCTAGCTAGCTAGCTAGCTAGCTAGCTAGCGCTAGCTAGCTAGCTAGCTAGCTAGCTAGCTAGCTAGCTAGCTAGCTAGCTAGCTAG,0.47500183257233664,-1.6437073461669898
seq_026_normal,seq_026_normal,ATGCGATCGATCGATCGTGTTTCTAGCTAGCTAGCTAGCTAGCTAGCTAGCTAGCTAGCGCTAGCTAGCTAGCTAGCTAGCTAGCTAGCTAGCTAGCTAGCTAGCTAGCTAGCTAG,0.47500183257233664,-0.6505521804054275
seq_027_affected,seq_027_affected,ATGCGATCGATCGATCGTAAATCTAGCTAGCTAGCTAGCTAGCTAGCTAGCTAGCTAGCGCTAGCTAGCTAGCTAGCTAGCTAGCTAGCTAGCTAGCTAGCTAGCTAGCTAGCTAG,0.47500183257233664,-1.6437073461669898
seq_028_normal,seq_028_normal,ATGCGATCGATCGATCGTGAATCTAGCTAGCTAGCTAGCTAGCTAGCTAGCTAGCTAGCGCTAGCTAGCTAGCTAGCTAGCTAGCTAGCTAGCTAGCTAGCTAGCTAGCTAGCTAG,0.47500183257233664,-0.6505521804054275
seq_029_affected,seq_029_affected,ATGCGATCGATCGATCGTATGATCTAGCTAGCTAGCTAGCTAGCTAGCTAGCTAGCTAGCGCTAGCTAGCTAGCTAGCTAGCTAGCTAGCTAGCTAGCTAGCTAGCTAGCTAGCTAG,1.530561460510856,-1.1428855104410696
seq_030_normal,seq_030_normal,ATGCGATCGATCGATCGTGTGATCTAGCTAGCTAGCTAGCTAGCTAGCTAGCTAGCTAGCGCTAGCTAGCTAGCTAGCTAGCTAGCTAGCTAGCTAGCTAGCTAGCTAGCTAGCTAG,1.530561460510856,-0.1582188503697854
seq_031_affected,seq_031_affected,ATGCGATCGATCGATCGTAACATCTAGCTAGCTAGCTAGCTAGCTAGCTAGCTAGCTAGCGCTAGCTAGCTAGCTAGCTAGCTAGCTAGCTAGCTAGCTAGCTAGCTAGCTAGCTAG,1.530561460510856,-1.1428855104410696
seq_032_normal,seq_032_normal,ATGCGATCGATCGATCGTGCATCTAGCTAGCTAGCTAGCTAGCTAGCTAGCTAGCTAGCGCTAGCTAGCTAGCTAGCTAGCTAGCTAGCTAGCTAGCTAGCTAGCTAGCTAGCTAG,0.47500183257233664,0.3426029853561266
seq_033_affected,seq_033_affected,ATGCGATCGATCGATCGTATATCTAGCTAGCTAGCTAGCTAGCTAGCTAGCTAGCTAGCGCTAGCTAGCTAGCTAGCTAGCTAGCTAGCTAGCTAGCTAGCTAGCTAGCTAGCTAG,0.47500183257233664,-1.6437073461669898
seq_034_normal,seq_034_normal,ATGCGATCGATCGATCGTGTATCTAGCTAGCTAGCTAGCTAGCTAGCTAGCTAGCTAGCGCTAGCTAGCTAGCTAGCTAGCTAGCTAGCTAGCTAGCTAGCTAGCTAGCTAGCTAG,0.47500183257233664,-0.6505521804054275
seq_035_affected,seq_035_affected,ATGCGATCGATCGATCGTAAGGTCTAGCTAGCTAGCTAGCTAGCTAGCTAGCTAGCTAGCGCTAGCTAGCTAGCTAGCTAGCTAGCTAGCTAGCTAGCTAGCTAGCTAGCTAGCTAG,1.530561460510856,-0.1582188503697854
seq_036_normal,seq_036_normal,ATGCGATCGATCGATCGTGAGGTCTAGCTAGCTAGCTAGCTAGCTAGCTAGCTAGCTAGCGCTAGCTAGCTAGCTAGCTAGCTAGCTAGCTAGCTAGCTAGCTAGCTAGCTAGCTAG,1.530561460510856,0.8264478097014989
seq_037_affected,seq_037_affected,ATGCGATCGATCGATCGTAACCTCTAGCTAGCTAGCTAGCTAGCTAGCTAGCTAGCTAGCGCTAGCTAGCTAGCTAGCTAGCTAGCTAGCTAGCTAGCTAGCTAGCTAGCTAGCTAG,1.530561460510856,-0.1582188503697854
seq_038_normal,seq_038_normal,ATGCGATCGATCGATCGTGCCCTCTAGCTAGCTAGCTAGCTAGCTAGCTAGCTAGCTAGCGCTAGCTAGCTAGCTAGCTAGCTAGCTAGCTAGCTAGCTAGCTAGCTAGCTAGCTAG,1.530561460510856,1.8111144697727994
seq_039_affected,seq_039_affected,ATGCGATCGATCGATCGTATACTCTAGCTAGCTAGCTAGCTAGCTAGCTAGCTAGCTAGCGCTAGCTAGCTAGCTAGCTAGCTAGCTAGCTAGCTAGCTAGCTAGCTAGCTAGCTAG,1.530561460510856,-1.1428855104410696
seq_040_normal,seq_040_normal,ATGCGATCGATCGATCGTGTACTCTAGCTAGCTAGCTAGCTAGCTAGCTAGCTAGCTAGCGCTAGCTAGCTAGCTAGCTAGCTAGCTAGCTAGCTAGCTAGCTAGCTAGCTAGCTAG,1.530561460510856,-0.1582188503697854
